Person ID,Gender,Age,Occupation,Sleep Duration,Quality of Sleep,Physical Activity Level,Stress Level,BMI Category,Blood Pressure,Heart Rate,Daily Steps,Sleep Disorder
330,Female,53,Engineer,8.5,9,30,3,Normal,125/80,65,5000,
34,Male,31,Doctor,6.1,6,30,8,Normal,125/80,72,5000,
16,Male,29,Doctor,6.0,6,30,8,Normal,120/80,70,8000,
326,Female,53,Engineer,8.5,9,30,3,Normal,125/80,65,5000,
58,Male,32,Doctor,6.0,6,30,8,Normal,125/80,72,5000,
240,Male,44,Salesperson,6.4,6,45,7,Overweight,130/85,72,6000,Insomnia
77,Male,33,Doctor,6.0,6,30,8,Normal,125/80,72,5000,
120,Female,37,Accountant,7.2,8,60,4,Normal,115/75,68,7000,
333,Female,54,Engineer,8.4,9,30,3,Normal,125/80,65,5000,
127,Male,38,Lawyer,7.3,8,60,5,Normal,130/85,68,8000,
234,Male,44,Salesperson,6.3,6,45,7,Overweight,130/85,72,6000,Insomnia
40,Male,31,Doctor,7.6,7,75,6,Normal,120/80,70,8000,
154,Male,39,Lawyer,7.2,8,60,5,Normal,130/85,68,8000,
56,Male,32,Doctor,6.0,6,30,8,Normal,125/80,72,5000,
156,Male,39,Lawyer,7.2,8,60,5,Normal,130/85,68,8000,
279,Female,50,Nurse,6.1,6,90,8,Overweight,140/95,75,10000,Insomnia
1,Male,27,Software Engineer,6.1,6,42,6,Overweight,126/83,77,4200,
232,Male,44,Salesperson,6.3,6,45,7,Overweight,130/85,72,6000,Insomnia
337,Female,54,Engineer,8.4,9,30,3,Normal,125/80,65,5000,
102,Female,36,Teacher,7.2,8,60,4,Normal,115/75,68,7000,
10,Male,29,Doctor,7.8,7,75,6,Normal,120/80,70,8000,
181,Male,42,Lawyer,7.8,8,90,5,Normal,130/85,70,8000,
73,Male,33,Doctor,6.1,6,30,8,Normal,125/80,72,5000,
238,Female,44,Teacher,6.5,7,45,4,Overweight,135/90,65,6000,Insomnia
256,Female,45,Teacher,6.5,7,45,4,Overweight,135/90,65,6000,Insomnia
138,Male,38,Lawyer,7.1,8,60,5,Normal,130/85,68,8000,
226,Male,44,Salesperson,6.3,6,45,7,Overweight,130/85,72,6000,Insomnia
195,Male,43,Salesperson,6.5,6,45,7,Overweight,130/85,72,6000,Insomnia
194,Male,43,Salesperson,6.5,6,45,7,Overweight,130/85,72,6000,Insomnia
371,Female,59,Nurse,8.0,9,75,3,Overweight,140/95,68,7000,Sleep Apnea
26,Male,30,Doctor,7.9,7,75,6,Normal,120/80,70,8000,
109,Male,37,Engineer,7.8,8,70,4,Normal Weight,120/80,68,7000,
43,Male,31,Doctor,7.7,7,75,6,Normal,120/80,70,8000,
362,Female,59,Nurse,8.2,9,75,3,Overweight,140/95,68,7000,Sleep Apnea
289,Female,50,Nurse,6.0,6,90,8,Overweight,140/95,75,10000,Sleep Apnea
115,Female,37,Accountant,7.2,8,60,4,Normal,115/75,68,7000,
64,Male,32,Doctor,6.2,6,30,8,Normal,125/80,72,5000,
23,Male,30,Doctor,7.7,7,75,6,Normal,120/80,70,8000,
153,Male,39,Lawyer,7.2,8,60,5,Normal,130/85,68,8000,
177,Male,41,Lawyer,7.6,8,90,5,Normal,130/85,70,8000,
250,Male,44,Salesperson,6.5,6,45,7,Overweight,130/85,72,6000,
298,Female,50,Nurse,6.1,6,90,8,Overweight,140/95,75,10000,Sleep Apnea
31,Female,30,Nurse,6.4,5,35,7,Normal Weight,130/86,78,4100,Sleep Apnea
220,Male,43,Salesperson,6.5,6,45,7,Overweight,130/85,72,6000,Sleep Apnea
110,Male,37,Lawyer,7.4,8,60,5,Normal,130/85,68,8000,
125,Female,37,Accountant,7.2,8,60,4,Normal,115/75,68,7000,
91,Male,35,Engineer,7.3,8,60,4,Normal,125/80,65,5000,
57,Male,32,Doctor,7.7,7,75,6,Normal,120/80,70,8000,
6,Male,28,Software Engineer,5.9,4,30,8,Obese,140/90,85,3000,Insomnia
46,Male,31,Doctor,7.8,7,75,6,Normal,120/80,70,8000,
347,Female,57,Nurse,8.2,9,75,3,Overweight,140/95,68,7000,Sleep Apnea
146,Female,38,Lawyer,7.4,7,60,5,Obese,135/88,84,3300,Sleep Apnea
287,Female,50,Nurse,6.0,6,90,8,Overweight,140/95,75,10000,Sleep Apnea
219,Male,43,Engineer,7.8,8,90,5,Normal,130/85,70,8000,Sleep Apnea
251,Female,45,Teacher,6.8,7,30,6,Overweight,135/90,65,6000,Insomnia
346,Female,57,Nurse,8.2,9,75,3,Overweight,140/95,68,7000,Sleep Apnea
94,Male,35,Lawyer,7.4,7,60,5,Obese,135/88,84,3300,Sleep Apnea
4,Male,28,Sales Representative,5.9,4,30,8,Obese,140/90,85,3000,Sleep Apnea
353,Female,58,Nurse,8.0,9,75,3,Overweight,140/95,68,7000,Sleep Apnea
78,Male,33,Doctor,6.0,6,30,8,Normal,125/80,72,5000,
133,Male,38,Lawyer,7.3,8,60,5,Normal,130/85,68,8000,
312,Female,52,Accountant,6.6,7,45,7,Overweight,130/85,72,6000,Insomnia
79,Male,33,Doctor,6.0,6,30,8,Normal,125/80,72,5000,
47,Male,31,Doctor,7.7,7,75,6,Normal,120/80,70,8000,
221,Female,44,Teacher,6.6,7,45,4,Overweight,135/90,65,6000,Insomnia
74,Male,33,Doctor,6.1,6,30,8,Normal,125/80,72,5000,
230,Male,44,Salesperson,6.3,6,45,7,Overweight,130/85,72,6000,Insomnia
328,Female,53,Engineer,8.5,9,30,3,Normal,125/80,65,5000,
209,Male,43,Engineer,7.7,8,90,5,Normal,130/85,70,8000,
83,Male,35,Teacher,6.7,7,40,5,Overweight,128/84,70,5600,
95,Female,36,Accountant,7.2,8,60,4,Normal,115/75,68,7000,Insomnia
196,Male,43,Salesperson,6.5,6,45,7,Overweight,130/85,72,6000,Insomnia
313,Female,52,Engineer,8.4,9,30,3,Normal,125/80,65,5000,
293,Female,50,Nurse,6.1,6,90,8,Overweight,140/95,75,10000,Sleep Apnea
373,Female,59,Nurse,8.1,9,75,3,Overweight,140/95,68,7000,Sleep Apnea
193,Male,43,Salesperson,6.5,6,45,7,Overweight,130/85,72,6000,Insomnia
76,Male,33,Doctor,6.0,6,30,8,Normal,125/80,72,5000,
85,Male,35,Software Engineer,7.5,8,60,5,Normal Weight,120/80,70,8000,
363,Female,59,Nurse,8.2,9,75,3,Overweight,140/95,68,7000,Sleep Apnea
17,Female,29,Nurse,6.5,5,40,7,Normal Weight,132/87,80,4000,Sleep Apnea
67,Male,32,Accountant,7.2,8,50,6,Normal Weight,118/76,68,7000,
284,Female,50,Nurse,6.0,6,90,8,Overweight,140/95,75,10000,Sleep Apnea
8,Male,29,Doctor,7.8,7,75,6,Normal,120/80,70,8000,
114,Male,37,Lawyer,7.4,8,60,5,Normal,130/85,68,8000,
117,Female,37,Accountant,7.2,8,60,4,Normal,115/75,68,7000,
364,Female,59,Nurse,8.2,9,75,3,Overweight,140/95,68,7000,Sleep Apnea
325,Female,53,Engineer,8.3,9,30,3,Normal,125/80,65,5000,
275,Female,49,Nurse,6.2,6,90,8,Overweight,140/95,75,10000,Sleep Apnea
164,Male,40,Lawyer,7.9,8,90,5,Normal,130/85,68,8000,
111,Female,37,Accountant,7.2,8,60,4,Normal,115/75,68,7000,
352,Female,57,Nurse,8.1,9,75,3,Overweight,140/95,68,7000,Sleep Apnea
61,Male,32,Doctor,6.0,6,30,8,Normal,125/80,72,5000,
158,Male,39,Lawyer,7.2,8,60,5,Normal,130/85,68,8000,
323,Female,53,Engineer,8.4,9,30,3,Normal,125/80,65,5000,
223,Male,44,Salesperson,6.3,6,45,7,Overweight,130/85,72,6000,Insomnia
228,Male,44,Salesperson,6.3,6,45,7,Overweight,130/85,72,6000,Insomnia
142,Male,38,Lawyer,7.1,8,60,5,Normal,130/85,68,8000,
18,Male,29,Doctor,6.0,6,30,8,Normal,120/80,70,8000,Sleep Apnea
247,Male,44,Salesperson,6.3,6,45,7,Overweight,130/85,72,6000,Insomnia
25,Male,30,Doctor,7.8,7,75,6,Normal,120/80,70,8000,
203,Male,43,Engineer,7.8,8,90,5,Normal,130/85,70,8000,Insomnia
327,Female,53,Engineer,8.3,9,30,3,Normal,125/80,65,5000,
366,Female,59,Nurse,8.0,9,75,3,Overweight,140/95,68,7000,Sleep Apnea
259,Female,45,Teacher,6.6,7,45,4,Overweight,135/90,65,6000,Insomnia
141,Female,38,Accountant,7.1,8,60,4,Normal,115/75,68,7000,
351,Female,57,Nurse,8.1,9,75,3,Overweight,140/95,68,7000,Sleep Apnea
235,Female,44,Teacher,6.6,7,45,4,Overweight,135/90,65,6000,Insomnia
370,Female,59,Nurse,8.1,9,75,3,Overweight,140/95,68,7000,Sleep Apnea
302,Female,51,Engineer,8.5,9,30,3,Normal,125/80,65,5000,
336,Female,54,Engineer,8.4,9,30,3,Normal,125/80,65,5000,
272,Female,49,Nurse,6.1,6,90,8,Overweight,140/95,75,10000,Sleep Apnea
173,Male,41,Lawyer,7.7,8,90,5,Normal,130/85,70,8000,
197,Male,43,Salesperson,6.5,6,45,7,Overweight,130/85,72,6000,Insomnia
20,Male,30,Doctor,7.6,7,75,6,Normal,120/80,70,8000,
358,Female,58,Nurse,8.0,9,75,3,Overweight,140/95,68,7000,Sleep Apnea
80,Male,33,Doctor,6.0,6,30,8,Normal,125/80,72,5000,
168,Male,41,Lawyer,7.1,7,55,6,Overweight,125/82,72,6000,
19,Female,29,Nurse,6.5,5,40,7,Normal Weight,132/87,80,4000,Insomnia
199,Male,43,Salesperson,6.5,6,45,7,Overweight,130/85,72,6000,Insomnia
105,Female,36,Teacher,7.2,8,60,4,Normal,115/75,68,7000,Sleep Apnea
286,Female,50,Nurse,6.0,6,90,8,Overweight,140/95,75,10000,Sleep Apnea
119,Female,37,Accountant,7.2,8,60,4,Normal,115/75,68,7000,
354,Female,58,Nurse,8.0,9,75,3,Overweight,140/95,68,7000,Sleep Apnea
32,Female,30,Nurse,6.4,5,35,7,Normal Weight,130/86,78,4100,Insomnia
37,Male,31,Doctor,6.1,6,30,8,Normal,125/80,72,5000,
159,Male,39,Lawyer,7.2,8,60,5,Normal,130/85,68,8000,
184,Male,42,Lawyer,7.8,8,90,5,Normal,130/85,70,8000,
169,Male,41,Lawyer,7.1,7,55,6,Overweight,125/82,72,6000,
303,Female,51,Nurse,7.1,7,55,6,Normal Weight,125/82,72,6000,
140,Male,38,Lawyer,7.1,8,60,5,Normal,130/85,68,8000,
339,Female,54,Engineer,8.5,9,30,3,Normal,125/80,65,5000,
176,Male,41,Lawyer,7.6,8,90,5,Normal,130/85,70,8000,
60,Male,32,Doctor,7.7,7,75,6,Normal,120/80,70,8000,
112,Male,37,Lawyer,7.4,8,60,5,Normal,130/85,68,8000,
149,Female,39,Lawyer,6.9,7,50,6,Normal Weight,128/85,75,5500,
7,Male,29,Teacher,6.3,6,40,7,Obese,140/90,82,3500,Insomnia
273,Female,49,Nurse,6.1,6,90,8,Overweight,140/95,75,10000,Sleep Apnea
254,Female,45,Teacher,6.5,7,45,4,Overweight,135/90,65,6000,Insomnia
11,Male,29,Doctor,6.1,6,30,8,Normal,120/80,70,8000,
239,Male,44,Salesperson,6.3,6,45,7,Overweight,130/85,72,6000,Insomnia
104,Male,36,Teacher,6.6,5,35,7,Overweight,129/84,74,4800,Sleep Apnea
82,Female,34,Scientist,5.8,4,32,8,Overweight,131/86,81,5200,Sleep Apnea
183,Male,42,Lawyer,7.8,8,90,5,Normal,130/85,70,8000,
266,Female,48,Nurse,5.9,6,90,8,Overweight,140/95,75,10000,Sleep Apnea
224,Male,44,Salesperson,6.4,6,45,7,Overweight,130/85,72,6000,Insomnia
297,Female,50,Nurse,6.1,6,90,8,Overweight,140/95,75,10000,Sleep Apnea
356,Female,58,Nurse,8.0,9,75,3,Overweight,140/95,68,7000,Sleep Apnea
335,Female,54,Engineer,8.4,9,30,3,Normal,125/80,65,5000,
148,Male,39,Engineer,6.5,5,40,7,Overweight,132/87,80,4000,Insomnia
204,Male,43,Engineer,6.9,6,47,7,Normal Weight,117/76,69,6800,
93,Male,35,Software Engineer,7.5,8,60,5,Normal Weight,120/80,70,8000,
70,Female,33,Scientist,6.2,6,50,6,Overweight,128/85,76,5500,
348,Female,57,Nurse,8.2,9,75,3,Overweight,140/95,68,7000,Sleep Apnea
97,Female,36,Accountant,7.2,8,60,4,Normal,115/75,68,7000,
144,Female,38,Accountant,7.1,8,60,4,Normal,115/75,68,7000,
282,Female,50,Nurse,6.1,6,90,8,Overweight,140/95,75,10000,Sleep Apnea
98,Female,36,Accountant,7.1,8,60,4,Normal,115/75,68,7000,
318,Female,53,Engineer,8.5,9,30,3,Normal,125/80,65,5000,
69,Female,33,Scientist,6.2,6,50,6,Overweight,128/85,76,5500,
24,Male,30,Doctor,7.7,7,75,6,Normal,120/80,70,8000,
38,Male,31,Doctor,7.6,7,75,6,Normal,120/80,70,8000,
145,Male,38,Lawyer,7.1,8,60,5,Normal,130/85,68,8000,Sleep Apnea
123,Female,37,Accountant,7.2,8,60,4,Normal,115/75,68,7000,
68,Male,33,Doctor,6.0,6,30,8,Normal,125/80,72,5000,Insomnia
166,Male,41,Lawyer,7.6,8,90,5,Normal,130/85,70,8000,Insomnia
311,Female,52,Accountant,6.6,7,45,7,Overweight,130/85,72,6000,Insomnia
295,Female,50,Nurse,6.1,6,90,8,Overweight,140/95,75,10000,Sleep Apnea
174,Male,41,Lawyer,7.7,8,90,5,Normal,130/85,70,8000,
126,Female,37,Nurse,7.5,8,60,4,Normal Weight,120/80,70,8000,
147,Male,39,Lawyer,7.2,8,60,5,Normal,130/85,68,8000,Insomnia
211,Male,43,Engineer,7.7,8,90,5,Normal,130/85,70,8000,
87,Male,35,Engineer,7.2,8,60,4,Normal,125/80,65,5000,
350,Female,57,Nurse,8.1,9,75,3,Overweight,140/95,68,7000,Sleep Apnea
182,Male,42,Lawyer,7.8,8,90,5,Normal,130/85,70,8000,
315,Female,52,Engineer,8.4,9,30,3,Normal,125/80,65,5000,
178,Male,42,Salesperson,6.5,6,45,7,Overweight,130/85,72,6000,Insomnia
281,Female,50,Nurse,6.0,6,90,8,Overweight,140/95,75,10000,
369,Female,59,Nurse,8.1,9,75,3,Overweight,140/95,68,7000,Sleep Apnea
263,Female,45,Teacher,6.6,7,45,4,Overweight,135/90,65,6000,
291,Female,50,Nurse,6.0,6,90,8,Overweight,140/95,75,10000,Sleep Apnea
262,Female,45,Teacher,6.6,7,45,4,Overweight,135/90,65,6000,
130,Male,38,Lawyer,7.3,8,60,5,Normal,130/85,68,8000,
39,Male,31,Doctor,7.6,7,75,6,Normal,120/80,70,8000,
12,Male,29,Doctor,7.8,7,75,6,Normal,120/80,70,8000,
246,Female,44,Teacher,6.5,7,45,4,Overweight,135/90,65,6000,Insomnia
186,Female,42,Teacher,6.8,6,45,7,Overweight,130/85,78,5000,Sleep Apnea
306,Female,51,Nurse,6.1,6,90,8,Overweight,140/95,75,10000,Sleep Apnea
113,Female,37,Accountant,7.2,8,60,4,Normal,115/75,68,7000,
180,Male,42,Lawyer,7.8,8,90,5,Normal,130/85,70,8000,
245,Male,44,Salesperson,6.3,6,45,7,Overweight,130/85,72,6000,Insomnia
233,Female,44,Teacher,6.6,7,45,4,Overweight,135/90,65,6000,Insomnia
118,Female,37,Accountant,7.2,8,60,4,Normal,115/75,68,7000,
355,Female,58,Nurse,8.0,9,75,3,Overweight,140/95,68,7000,Sleep Apnea
361,Female,59,Nurse,8.2,9,75,3,Overweight,140/95,68,7000,Sleep Apnea
267,Male,48,Doctor,7.3,7,65,5,Obese,142/92,83,3500,Insomnia
338,Female,54,Engineer,8.4,9,30,3,Normal,125/80,65,5000,
165,Male,40,Lawyer,7.9,8,90,5,Normal,130/85,68,8000,
225,Female,44,Teacher,6.6,7,45,4,Overweight,135/90,65,6000,Insomnia
137,Female,38,Accountant,7.1,8,60,4,Normal,115/75,68,7000,
155,Male,39,Lawyer,7.2,8,60,5,Normal,130/85,68,8000,
200,Male,43,Salesperson,6.5,6,45,7,Overweight,130/85,72,6000,Insomnia
198,Male,43,Salesperson,6.5,6,45,7,Overweight,130/85,72,6000,Insomnia
367,Female,59,Nurse,8.1,9,75,3,Overweight,140/95,68,7000,Sleep Apnea
3,Male,28,Doctor,6.2,6,60,8,Normal,125/80,75,10000,
292,Female,50,Nurse,6.1,6,90,8,Overweight,140/95,75,10000,Sleep Apnea
116,Female,37,Accountant,7.2,8,60,4,Normal,115/75,68,7000,
210,Male,43,Engineer,7.8,8,90,5,Normal,130/85,70,8000,
212,Male,43,Engineer,7.8,8,90,5,Normal,130/85,70,8000,
27,Male,30,Doctor,7.8,7,75,6,Normal,120/80,70,8000,
121,Female,37,Accountant,7.2,8,60,4,Normal,115/75,68,7000,
285,Female,50,Nurse,6.0,6,90,8,Overweight,140/95,75,10000,Sleep Apnea
269,Female,49,Nurse,6.0,6,90,8,Overweight,140/95,75,10000,Sleep Apnea
321,Female,53,Engineer,8.5,9,30,3,Normal,125/80,65,5000,
128,Female,38,Accountant,7.1,8,60,4,Normal,115/75,68,7000,
75,Male,33,Doctor,6.0,6,30,8,Normal,125/80,72,5000,
300,Female,51,Engineer,8.5,9,30,3,Normal,125/80,65,5000,
30,Male,30,Doctor,7.9,7,75,6,Normal,120/80,70,8000,
84,Male,35,Teacher,6.7,7,40,5,Overweight,128/84,70,5600,
308,Female,52,Accountant,6.5,7,45,7,Overweight,130/85,72,6000,Insomnia
108,Male,37,Engineer,7.8,8,70,4,Normal Weight,120/80,68,7000,
243,Male,44,Salesperson,6.4,6,45,7,Overweight,130/85,72,6000,Insomnia
324,Female,53,Engineer,8.5,9,30,3,Normal,125/80,65,5000,
134,Female,38,Accountant,7.1,8,60,4,Normal,115/75,68,7000,
185,Female,42,Teacher,6.8,6,45,7,Overweight,130/85,78,5000,Sleep Apnea
305,Female,51,Nurse,6.1,6,90,8,Overweight,140/95,75,10000,Sleep Apnea
45,Male,31,Doctor,7.7,7,75,6,Normal,120/80,70,8000,
343,Female,56,Doctor,8.2,9,90,3,Normal Weight,118/75,65,10000,
66,Male,32,Doctor,6.2,6,30,8,Normal,125/80,72,5000,
276,Female,49,Nurse,6.2,6,90,8,Overweight,140/95,75,10000,Sleep Apnea
86,Female,35,Accountant,7.2,8,60,4,Normal,115/75,68,7000,
187,Female,43,Teacher,6.7,7,45,4,Overweight,135/90,65,6000,Insomnia
71,Male,33,Doctor,6.1,6,30,8,Normal,125/80,72,5000,
160,Male,39,Lawyer,7.2,8,60,5,Normal,130/85,68,8000,
13,Male,29,Doctor,6.1,6,30,8,Normal,120/80,70,8000,
36,Male,31,Doctor,6.1,6,30,8,Normal,125/80,72,5000,
29,Male,30,Doctor,7.9,7,75,6,Normal,120/80,70,8000,
171,Male,41,Lawyer,7.7,8,90,5,Normal,130/85,70,8000,
143,Female,38,Accountant,7.1,8,60,4,Normal,115/75,68,7000,
299,Female,51,Engineer,8.5,9,30,3,Normal,125/80,65,5000,
248,Male,44,Engineer,6.8,7,45,7,Overweight,130/85,78,5000,Insomnia
151,Female,39,Accountant,8.0,9,80,3,Normal Weight,115/78,67,7500,
229,Female,44,Teacher,6.6,7,45,4,Overweight,135/90,65,6000,Insomnia
222,Male,44,Salesperson,6.4,6,45,7,Overweight,130/85,72,6000,Insomnia
132,Male,38,Lawyer,7.3,8,60,5,Normal,130/85,68,8000,
249,Male,44,Salesperson,6.4,6,45,7,Overweight,130/85,72,6000,
52,Male,32,Engineer,7.5,8,45,3,Normal,120/80,70,8000,
241,Female,44,Teacher,6.5,7,45,4,Overweight,135/90,65,6000,Insomnia
278,Male,49,Doctor,8.1,9,85,3,Obese,139/91,86,3700,Sleep Apnea
96,Female,36,Accountant,7.1,8,60,4,Normal,115/75,68,7000,
283,Female,50,Nurse,6.0,6,90,8,Overweight,140/95,75,10000,Sleep Apnea
179,Male,42,Lawyer,7.8,8,90,5,Normal,130/85,70,8000,
205,Male,43,Engineer,7.6,8,75,4,Overweight,122/80,68,6800,
124,Female,37,Accountant,7.2,8,60,4,Normal,115/75,68,7000,
42,Male,31,Doctor,7.7,7,75,6,Normal,120/80,70,8000,
90,Male,35,Engineer,7.3,8,60,4,Normal,125/80,65,5000,
288,Female,50,Nurse,6.0,6,90,8,Overweight,140/95,75,10000,Sleep Apnea
207,Male,43,Engineer,7.7,8,90,5,Normal,130/85,70,8000,
255,Female,45,Teacher,6.5,7,45,4,Overweight,135/90,65,6000,Insomnia
357,Female,58,Nurse,8.0,9,75,3,Overweight,140/95,68,7000,Sleep Apnea
5,Male,28,Sales Representative,5.9,4,30,8,Obese,140/90,85,3000,Sleep Apnea
257,Female,45,Teacher,6.6,7,45,4,Overweight,135/90,65,6000,Insomnia
334,Female,54,Engineer,8.4,9,30,3,Normal,125/80,65,5000,
101,Female,36,Teacher,7.2,8,60,4,Normal,115/75,68,7000,
227,Female,44,Teacher,6.6,7,45,4,Overweight,135/90,65,6000,Insomnia
319,Female,53,Engineer,8.4,9,30,3,Normal,125/80,65,5000,
214,Male,43,Engineer,7.8,8,90,5,Normal,130/85,70,8000,
172,Male,41,Lawyer,7.7,8,90,5,Normal,130/85,70,8000,
99,Female,36,Teacher,7.1,8,60,4,Normal,115/75,68,7000,
216,Male,43,Engineer,7.8,8,90,5,Normal,130/85,70,8000,
62,Male,32,Doctor,6.0,6,30,8,Normal,125/80,72,5000,
48,Male,31,Doctor,7.8,7,75,6,Normal,120/80,70,8000,
33,Female,31,Nurse,7.9,8,75,4,Normal Weight,117/76,69,6800,
268,Female,49,Nurse,6.2,6,90,8,Overweight,140/95,75,10000,
201,Male,43,Salesperson,6.5,6,45,7,Overweight,130/85,72,6000,Insomnia
332,Female,53,Engineer,8.4,9,30,3,Normal,125/80,65,5000,
28,Male,30,Doctor,7.9,7,75,6,Normal,120/80,70,8000,
290,Female,50,Nurse,6.1,6,90,8,Overweight,140/95,75,10000,Sleep Apnea
231,Female,44,Teacher,6.6,7,45,4,Overweight,135/90,65,6000,Insomnia
261,Female,45,Teacher,6.6,7,45,4,Overweight,135/90,65,6000,Insomnia
163,Female,40,Accountant,7.2,8,55,6,Normal Weight,119/77,73,7300,
317,Female,53,Engineer,8.5,9,30,3,Normal,125/80,65,5000,
139,Female,38,Accountant,7.1,8,60,4,Normal,115/75,68,7000,
63,Male,32,Doctor,6.2,6,30,8,Normal,125/80,72,5000,
136,Male,38,Lawyer,7.3,8,60,5,Normal,130/85,68,8000,
129,Male,38,Lawyer,7.3,8,60,5,Normal,130/85,68,8000,
9,Male,29,Doctor,7.8,7,75,6,Normal,120/80,70,8000,
65,Male,32,Doctor,6.2,6,30,8,Normal,125/80,72,5000,
15,Male,29,Doctor,6.0,6,30,8,Normal,120/80,70,8000,
157,Male,39,Lawyer,7.2,8,60,5,Normal,130/85,68,8000,
41,Male,31,Doctor,7.7,7,75,6,Normal,120/80,70,8000,
342,Female,56,Doctor,8.2,9,90,3,Normal Weight,118/75,65,10000,
301,Female,51,Engineer,8.5,9,30,3,Normal,125/80,65,5000,
217,Male,43,Engineer,7.8,8,90,5,Normal,130/85,70,8000,
280,Female,50,Engineer,8.3,9,30,3,Normal,125/80,65,5000,
322,Female,53,Engineer,8.4,9,30,3,Normal,125/80,65,5000,
237,Male,44,Salesperson,6.4,6,45,7,Overweight,130/85,72,6000,Insomnia
208,Male,43,Engineer,7.7,8,90,5,Normal,130/85,70,8000,
213,Male,43,Engineer,7.8,8,90,5,Normal,130/85,70,8000,
296,Female,50,Nurse,6.0,6,90,8,Overweight,140/95,75,10000,Sleep Apnea
